標題,日期
[獎學金] 菁英獎學金,6/01
[獎學金] 宜蘭縣政府112年優秀學生獎學金,6/01
[獎學金] 萬海獎助學金,6/01
[獎學金] 112年國立歷史博物館藝術獎助學金,6/02
[服務] 惠明盲校徵求暑假營隊學生志工,6/15
禁止中小學學生在教室使用手機平板和智慧型手錶,7/06
Re: [新聞] 小留學生親述：我所親身經歷的英國中學,7/06
每五個研究生，就有一個休學？,7/10
現在的政府有學乖嗎？,7/12
[國小] 台北市雙永國小徵資源班長期代理教師,9/27
學科知識內容的英文,9/27
雙語學校教什麼？,10/02
Fw: [閒聊] 高中數學實驗本,10/16
[討論] 语言决定双方思维不同！,10/16
[國小] 國小教師使用平板之痛點研究問卷,12/08
[討論] 2016年「台灣高中國文應廢除文言文必修」,12/09
Fw: [新聞] 已婚女性沒少生 調查：「未婚」才是少子,12/14
[心得] 學國文的podcast,3/26
[討論] 當代還能怎樣批判教育學呢?,5/02
[分享] 學習歷程檔案對功課好的孩子更加有害,6/10
[心得] 波波？ So What?,8/09
[討論] 2020年4都國小國中高中學生數比例比較,9/10
[問題] 有關於小孩子數位學習,12/19
[問題] 日本上課時間,2/23
[分享]從亞斯伯格看台灣的社交常規 ,4/22
[問題] 為什麼畢業典禮不是在學期最後一天?,6/16
[問題]  關於共同學區,6/16
[討論] 台灣是否對於語言教育較不重視?,11/06
[問題] 可以接受申請開課的學校,12/22
[新聞] 英國「數學必修教育延長」風波,1/14
[國小] 中華國際人才培育與發展協會徵求營隊師資,4/07
[問題] distance 路徑長,4/22
以本土語言標注臺灣地名計畫成果,4/23
[心得] 楊柏因,4/23
[心得] 葉公好龍的反政確,5/22
[研習] 2023年暑假課程設計技術研習營,6/01
[獎學金] 2023非清寒獎學金申請,6/01
[討論] 教育與哲學的關係,12/06
[討論] 教育、反教育、非教育,12/07
[討論] 自主性的意涵與教育的啟示,12/08
[討論] 盧梭的自然教育自然嗎？,12/09
[討論] 廢止科舉制度的背景、主因與影響,12/10
[討論] 斯普朗格教育愛：關懷、洞察與熱情,12/11
[討論] 學習動機：溫納歸因理論,12/12
[討論] 正向心理學：善惡的和解,12/13
[討論] 學校本位課程：自主、民主、在地,12/14
[討論] 教師 vs 學生中心取向教學,12/15
[討論] 自我決定論與服務學習,12/16
[討論] 教育財政學：適應、公平、效率,12/17
"[問題] ""教育亂象"" 等於 ""社會亂象"" 嗎？",1/18
[高中] 首公開#老師的作品展 肯定自己肯定不同,5/09
[新聞] 「喝這果汁才會聰明」　家長控特教師不,6/03
[問題] 關於霸凌與生教的研究論文問題,7/10
[新聞] 108課綱商機正夯！三貝德虛實整合產業鏈,9/08
[討論] 怎麼分配學才藝的時間,11/07
[問題] 小一家教遇到的困擾,11/11
[心得] 國內英文教學亂象,2/14
[新聞] 教師資格檢定題目答案公布與否變來變去,4/04
[新聞] 台中教師會理事長:家長團體真理解...,4/10
[分享]全教總李俊璋：道德假設不能取代教師專業,4/12
[新聞]教師法修法明決戰立法院教師團體不滿...,4/14
[新聞]教師工會齊抗議《教師法》修法,4/15
[問題] 有人小時候是華得福學校的學生嗎？,4/17
[分享]教師法修正不是兒戲，立法院應要求...,4/20
[大學] 科大講師，態度蠻橫，霸凌學生及家長...,4/23
[閒聊] 照SOP通報，然後同學就不會跳樓了嗎？,4/28
[活動] 2019未來教育國際論壇 6/2台中場來了！ ,5/26
[高中] ACE團隊 致 教育版,5/28
[問題] 二十年前霸凌學生！現在是校長！,6/11
[分享] 兒童藝術治療瞭解孩子情緒問題,7/16
[分享] 分享兩場兒童心理治療課程,9/16
Re: [高中] 去梯言／改回聯考算了,9/27
[國中] 108課綱考題之我見,10/10
[分享] 兒童情緒療法及行為改變技術 ,10/24
[分享] 分享新一期兒童藝術治療師資培訓,11/25
[討論] 孟荀人性論及其教育比較,12/04
[討論] 科舉制度對教育的影響,12/05
[討論] 地球科學老師可以拒絕超堂嗎,4/18
[國小] 布農孩子寫程式,4/23
[新聞] 4年後考生大減26% 台大考中心：約剩10萬,4/23
[新聞] 用愛養大小雞後吃掉！　日本高中「生命,5/01
[新聞] 技專統測5日登場 考生須備准考證應試,5/01
[國小] 學童安全教育公民咖啡館,5/02
[討論] 邀請當家長的您關心學童交通安全教育,5/08
[新聞] 教長承諾國小代課鐘點費比照國高中 逾1.5,5/09
Fw: [閒聊] 為何應該反對輔大調漲學費?,5/12
[新聞] 明年10月起 日本擬實施免費幼兒教育 ,5/29
[問題] 對教育或關心孩子有興趣，如何開始？,6/09
[討論] 孩子的學習障礙,7/18
Re: [討論] 孩子的學習障礙,7/20
[國小] 妹妹才國小三年級就要早7晚6,8/30
[心得] 小心這外師,10/19
[討論] 老師這樣講話會不會有點過份?,10/22
台灣英語文教育批判,3/04
[新聞] 不滿教師法翻修，全教總發動連署...,3/13
[分享]「兒童藝術治療培訓」 兒童情緒基本療法,3/21
[新聞] 教師行政減量 特教評鑑改為4年一次,3/30
