title,link
[獎學金] 菁英獎學金,https://www.ptt.cc/bbs/Education/M.1685600931.A.565.html
[獎學金] 宜蘭縣政府112年優秀學生獎學金,https://www.ptt.cc/bbs/Education/M.1685601497.A.FAE.html
[獎學金] 萬海獎助學金,https://www.ptt.cc/bbs/Education/M.1685601922.A.AB5.html
[獎學金] 112年國立歷史博物館藝術獎助學金,https://www.ptt.cc/bbs/Education/M.1685667225.A.AE9.html
[服務] 惠明盲校徵求暑假營隊學生志工,https://www.ptt.cc/bbs/Education/M.1686797081.A.114.html
禁止中小學學生在教室使用手機平板和智慧型手錶,https://www.ptt.cc/bbs/Education/M.1688584897.A.DC9.html
Re: [新聞] 小留學生親述：我所親身經歷的英國中學,https://www.ptt.cc/bbs/Education/M.1688642162.A.93C.html
每五個研究生，就有一個休學？,https://www.ptt.cc/bbs/Education/M.1688963576.A.1A9.html
現在的政府有學乖嗎？,https://www.ptt.cc/bbs/Education/M.1689126713.A.AC0.html
[國小] 台北市雙永國小徵資源班長期代理教師,https://www.ptt.cc/bbs/Education/M.1695804709.A.13B.html
學科知識內容的英文,https://www.ptt.cc/bbs/Education/M.1695826195.A.302.html
雙語學校教什麼？,https://www.ptt.cc/bbs/Education/M.1696239652.A.C57.html
Fw: [閒聊] 高中數學實驗本,https://www.ptt.cc/bbs/Education/M.1697444596.A.25C.html
[討論] 语言决定双方思维不同！,https://www.ptt.cc/bbs/Education/M.1697447035.A.30B.html
[國小] 國小教師使用平板之痛點研究問卷,https://www.ptt.cc/bbs/Education/M.1702018332.A.1A3.html
[討論] 2016年「台灣高中國文應廢除文言文必修」,https://www.ptt.cc/bbs/Education/M.1702104640.A.5F5.html
Fw: [新聞] 已婚女性沒少生 調查：「未婚」才是少子,https://www.ptt.cc/bbs/Education/M.1702491758.A.BA1.html
[高中] 碩論研究招募受訪者：體育班學生,https://www.ptt.cc/bbs/Education/M.1702823129.A.BB9.html
[公告] 關於近日網路問題的影響,https://www.ptt.cc/bbs/Education/M.1043769876.A.841.html
"一個新聞台, 有些關於教育的文章",https://www.ptt.cc/bbs/Education/M.1043942484.A.FBA.html
[板務] 每日新聞,https://www.ptt.cc/bbs/Education/M.1046883283.A.ED6.html
[公告] 二版增修部份,https://www.ptt.cc/bbs/Education/M.1046883473.A.844.html
[公告] 網路禮儀,https://www.ptt.cc/bbs/Education/M.1047318422.A.249.html
[宣導] 希望大家冷靜一點,https://www.ptt.cc/bbs/Education/M.1048232602.A.AED.html
"[宣導] 關於""一個台灣‧兩個世界""討論串",https://www.ptt.cc/bbs/Education/M.1049354561.A.F89.html
Re: [問題]你贊成體罰嗎？試為體罰下個定義，然後 …,https://www.ptt.cc/bbs/Education/M.1076427912.A.43B.html
Re: [問題]你贊成體罰嗎？試為體罰下個定義，然後 …,https://www.ptt.cc/bbs/Education/M.1076453601.A.B3C.html
Re: [問題]你贊成體罰嗎？試為體罰下個定義，然後 …,https://www.ptt.cc/bbs/Education/M.1076455256.A.A1A.html
Re: [問題]你贊成體罰嗎？試為體罰下個定義，然後 …,https://www.ptt.cc/bbs/Education/M.1076480649.A.6FE.html
Re: [問題]你贊成體罰嗎？試為體罰下個定義，然後 …,https://www.ptt.cc/bbs/Education/M.1076505895.A.1BA.html
Re: [問題]你贊成體罰嗎？試為體罰下個定義，然後 …,https://www.ptt.cc/bbs/Education/M.1076545669.A.100.html
[問題] 我想問大碗同學,https://www.ptt.cc/bbs/Education/M.1076566843.A.706.html
Re: [問題]你贊成體罰嗎？試為體罰下個定義，然後 …,https://www.ptt.cc/bbs/Education/M.1076580026.A.6A6.html
Re: [問題] 一綱多本,https://www.ptt.cc/bbs/Education/M.1076778733.A.409.html
Re: [問題] 一綱多本,https://www.ptt.cc/bbs/Education/M.1076906773.A.0CB.html
有關教授,https://www.ptt.cc/bbs/Education/M.1076935682.A.FB3.html
Re: [問題] 我想問大碗同學,https://www.ptt.cc/bbs/Education/M.1076942260.A.315.html
Re: 請終止''體罰''的議題,https://www.ptt.cc/bbs/Education/M.1076942800.A.B91.html
